,category,maxQuantityGraph,maxPriceGraph,maxQuantity,maxPrice
0,2278.0,2.0,590000.0,2.0,590000.0
1,2.0,3.0,17800000.0,3.0,17800000.0
2,3.0,4.0,6850000.0,4.0,6850000.0
3,4.0,12.0,1469500.0,12.0,1469500.0
4,5.0,1.0,604500.0,1.0,604500.0
5,8.0,10.0,6950000.0,10.0,6950000.0
6,1638.0,1.0,57000.0,1.0,57000.0
7,1578.0,1.0,65000.0,1.0,65000.0
8,425.0,4.0,180000.0,4.0,180000.0
9,2050.0,2.0,300000.0,2.0,300000.0
10,14.0,3.0,404100.0,3.0,404100.0
11,15.0,2.0,3350000.0,2.0,3350000.0
12,16.0,1.0,100000.0,1.0,100000.0
13,17.0,10.0,5620000.0,10.0,5620000.0
14,2068.0,1.0,45000.0,1.0,45000.0
15,401.0,20.0,650000.0,20.0,650000.0
16,163.0,5.0,200000.0,5.0,200000.0
17,2077.0,1.0,200000.0,1.0,200000.0
18,2053.0,1.0,210000.0,1.0,210000.0
19,2080.0,1.0,88000.0,1.0,88000.0
20,2083.0,1.0,280000.0,1.0,280000.0
21,2086.0,1.0,90000.0,1.0,90000.0
22,296.0,6.0,270000.0,6.0,270000.0
23,314.0,1.0,65000.0,1.0,65000.0
24,2092.0,2.0,260000.0,2.0,260000.0
25,214.0,2.0,145000.0,2.0,145000.0
26,1912.0,1.0,15000.0,1.0,15000.0
27,2095.0,1.0,129000.0,1.0,129000.0
28,2056.0,2.0,495000.0,2.0,495000.0
29,2098.0,1.0,189200.0,1.0,189200.0
30,409.0,10.0,1185000.0,10.0,1185000.0
31,350.0,1.0,350000.0,1.0,350000.0
32,1540.0,500.0,750000.0,500.0,750000.0
33,423.0,1.0,290000.0,1.0,290000.0
34,59.0,1.0,100000.0,1.0,100000.0
35,663.0,2.0,105000.0,2.0,105000.0
36,1666.0,5.0,325000.0,5.0,325000.0
37,2110.0,1.0,2500000.0,1.0,2500000.0
38,1042.0,8.0,162900.0,8.0,162900.0
39,2113.0,1.0,80000.0,1.0,80000.0
40,66.0,10.0,175000.0,10.0,175000.0
41,67.0,13.0,850000.0,13.0,850000.0
42,68.0,1.0,89000.0,1.0,89000.0
43,1954.0,2.0,35000.0,2.0,35000.0
44,70.0,20.0,324000.0,20.0,324000.0
45,2119.0,1.0,50000.0,1.0,50000.0
46,177.0,13.0,442000.0,13.0,442000.0
47,911.0,2.0,40000.0,2.0,40000.0
48,1879.0,2.0,70000.0,2.0,70000.0
49,2317.0,100.0,650000.0,100.0,650000.0
50,2128.0,5.0,1250000.0,5.0,1250000.0
51,1590.0,1.0,60000.0,1.0,60000.0
52,2131.0,1.0,96000.0,1.0,96000.0
53,2062.0,1.0,50000.0,1.0,50000.0
54,2134.0,1.0,120000.0,1.0,120000.0
55,2404.0,1.0,65000.0,1.0,65000.0
56,2140.0,1.0,432100.0,1.0,432100.0
57,171.0,2.0,15760500.0,2.0,15760500.0
58,2143.0,1.0,150000.0,1.0,150000.0
59,2633.0,1.0,18000.0,1.0,18000.0
60,97.0,3.0,765000.0,3.0,765000.0
61,1723.0,1.0,149000.0,1.0,149000.0
62,2107.0,25.0,45000.0,25.0,45000.0
63,2149.0,2.0,530000.0,2.0,530000.0
64,298.0,10.0,1200000.0,10.0,1200000.0
65,2065.0,1.0,480000.0,1.0,480000.0
66,2152.0,2.0,650000.0,2.0,650000.0
67,1390.0,2.0,14000.0,2.0,14000.0
68,1924.0,1.0,245000.0,1.0,245000.0
69,1557.0,5.0,170000.0,5.0,170000.0
70,2161.0,1.0,65000.0,1.0,65000.0
71,2092.0,2.0,260000.0,2.0,260000.0
72,2086.0,1.0,90000.0,1.0,90000.0
73,2137.0,1.0,330000.0,1.0,330000.0
74,1108.0,1.0,90000.0,1.0,90000.0
75,123.0,1.0,10000000.0,1.0,10000000.0
76,125.0,3.0,340000.0,3.0,340000.0
77,427.0,1.0,400000.0,1.0,400000.0
78,2176.0,1.0,20000.0,1.0,20000.0
79,363.0,1.0,125000.0,1.0,125000.0
80,132.0,1.0,594900.0,1.0,594900.0
81,896.0,4.0,158000.0,4.0,158000.0
82,134.0,1.0,600000.0,1.0,600000.0
83,138.0,4.0,60000.0,4.0,60000.0
84,304.0,40.0,125000.0,40.0,125000.0
85,2113.0,1.0,80000.0,1.0,80000.0
86,429.0,7.0,2300000.0,7.0,2300000.0
87,327.0,10.0,650000.0,10.0,650000.0
88,186.0,2.0,155000.0,2.0,155000.0
89,2206.0,23.0,145000.0,23.0,145000.0
90,310.0,1.0,96000.0,1.0,96000.0
91,2200.0,35.0,197000.0,35.0,197000.0
92,1891.0,6.0,160000.0,6.0,160000.0
93,156.0,1.0,1525000.0,1.0,1525000.0
94,329.0,3.0,1550000.0,3.0,1550000.0
95,2206.0,23.0,145000.0,23.0,145000.0
96,2209.0,15.0,125000.0,15.0,125000.0
97,1948.0,1.0,223000.0,1.0,223000.0
98,163.0,5.0,200000.0,5.0,200000.0
99,2212.0,50.0,322000.0,50.0,322000.0
100,165.0,26.0,185000.0,26.0,185000.0
101,224.0,1.0,480000.0,1.0,480000.0
102,2215.0,6.0,160000.0,6.0,160000.0
103,168.0,1.0,420000.0,1.0,420000.0
104,169.0,1.0,160000.0,1.0,160000.0
105,170.0,10.0,613000.0,10.0,613000.0
106,171.0,2.0,15760500.0,2.0,15760500.0
107,172.0,4.0,250000.0,4.0,250000.0
108,2221.0,1.0,25000.0,1.0,25000.0
109,174.0,10.0,375000.0,10.0,375000.0
110,246.0,1.0,127000.0,1.0,127000.0
111,176.0,18.0,300000.0,18.0,300000.0
112,177.0,13.0,442000.0,13.0,442000.0
113,178.0,10.0,285000.0,10.0,285000.0
114,179.0,102.0,100000.0,102.0,100000.0
115,180.0,10.0,385000.0,10.0,385000.0
116,181.0,10.0,240000.0,10.0,240000.0
117,182.0,100.0,745000.0,100.0,745000.0
118,183.0,100.0,1160000.0,100.0,1160000.0
119,184.0,20.0,315000.0,20.0,315000.0
120,185.0,40.0,365000.0,40.0,365000.0
121,186.0,2.0,155000.0,2.0,155000.0
122,187.0,3.0,800000.0,3.0,800000.0
123,188.0,5.0,575000.0,5.0,575000.0
124,189.0,2.0,175000.0,2.0,175000.0
125,190.0,1.0,100000.0,1.0,100000.0
126,824.0,25.0,350000.0,25.0,350000.0
127,192.0,2.0,899900.0,2.0,899900.0
128,194.0,5.0,270000.0,5.0,270000.0
129,195.0,9.0,989000.0,9.0,989000.0
130,196.0,1.0,90000.0,1.0,90000.0
131,268.0,100.0,227700.0,100.0,227700.0
132,201.0,1.0,115000.0,1.0,115000.0
133,202.0,1.0,156000.0,1.0,156000.0
134,2423.0,10.0,324000.0,10.0,324000.0
135,1450.0,1.0,99000.0,1.0,99000.0
136,205.0,3.0,515000.0,3.0,515000.0
137,206.0,2.0,240000.0,2.0,240000.0
138,207.0,1.0,1749000.0,1.0,1749000.0
139,208.0,100.0,5592000.0,100.0,5592000.0
140,1543.0,8.0,250000.0,8.0,250000.0
141,210.0,2.0,3024000.0,2.0,3024000.0
142,211.0,5.0,44100.0,5.0,44100.0
143,212.0,1.0,4999000.0,1.0,4999000.0
144,1129.0,1.0,700000.0,1.0,700000.0
145,214.0,2.0,145000.0,2.0,145000.0
146,215.0,1.0,94000.0,1.0,94000.0
147,216.0,12.0,350000.0,12.0,350000.0
148,217.0,5.0,278000.0,5.0,278000.0
149,218.0,2.0,810000.0,2.0,810000.0
150,219.0,15.0,790000.0,15.0,790000.0
151,220.0,12.0,725000.0,12.0,725000.0
152,221.0,10.0,2800000.0,10.0,2800000.0
153,222.0,30.0,195000.0,30.0,195000.0
154,223.0,1.0,325000.0,1.0,325000.0
155,2272.0,50.0,125000.0,50.0,125000.0
156,225.0,4.0,1485000.0,4.0,1485000.0
157,272.0,3.0,200000.0,3.0,200000.0
158,227.0,5.0,780000.0,5.0,780000.0
159,228.0,2.0,1440000.0,2.0,1440000.0
160,229.0,36.0,400000.0,36.0,400000.0
161,2278.0,2.0,590000.0,2.0,590000.0
162,231.0,1.0,170000.0,1.0,170000.0
163,232.0,10.0,1900000.0,10.0,1900000.0
164,2281.0,1.0,141600.0,1.0,141600.0
165,234.0,1.0,100000.0,1.0,100000.0
166,235.0,1.0,220000.0,1.0,220000.0
167,2284.0,5.0,225000.0,5.0,225000.0
168,237.0,20.0,510000.0,20.0,510000.0
169,238.0,2.0,204000.0,2.0,204000.0
170,239.0,3.0,420000.0,3.0,420000.0
171,240.0,10.0,750000.0,10.0,750000.0
172,241.0,50.0,710000.0,50.0,710000.0
173,2495.0,1.0,130000.0,1.0,130000.0
174,2293.0,50.0,680000.0,50.0,680000.0
175,246.0,1.0,127000.0,1.0,127000.0
176,247.0,1.0,95000.0,1.0,95000.0
177,2296.0,80.0,81000.0,80.0,81000.0
178,249.0,1.0,18000.0,1.0,18000.0
179,250.0,1.0,210000.0,1.0,210000.0
180,2299.0,3.0,48000.0,3.0,48000.0
181,252.0,2.0,15000.0,2.0,15000.0
182,253.0,10.0,299000.0,10.0,299000.0
183,2302.0,4.0,35000.0,4.0,35000.0
184,255.0,2.0,849000.0,2.0,849000.0
185,256.0,1.0,165000.0,1.0,165000.0
186,2305.0,10.0,2489000.0,10.0,2489000.0
187,258.0,1.0,425000.0,1.0,425000.0
188,259.0,2.0,149000.0,2.0,149000.0
189,2308.0,30.0,21500.0,30.0,21500.0
190,261.0,2.0,275000.0,2.0,275000.0
191,263.0,1.0,699000.0,1.0,699000.0
192,264.0,1.0,615000.0,1.0,615000.0
193,265.0,1.0,320000.0,1.0,320000.0
194,2314.0,2.0,350000.0,2.0,350000.0
195,440.0,2.0,1300000.0,2.0,1300000.0
196,268.0,100.0,227700.0,100.0,227700.0
197,2317.0,100.0,650000.0,100.0,650000.0
198,270.0,1.0,330000.0,1.0,330000.0
199,271.0,2.0,369000.0,2.0,369000.0
200,272.0,3.0,200000.0,3.0,200000.0
201,273.0,16.0,100000.0,16.0,100000.0
202,275.0,2.0,1710000.0,2.0,1710000.0
203,276.0,1.0,250000.0,1.0,250000.0
204,277.0,6.0,2500.0,6.0,2500.0
205,2326.0,24.0,280000.0,24.0,280000.0
206,279.0,1.0,265000.0,1.0,265000.0
207,280.0,1.0,145000.0,1.0,145000.0
208,281.0,2.0,530000.0,2.0,530000.0
209,282.0,3.0,173000.0,3.0,173000.0
210,283.0,2.0,85000.0,2.0,85000.0
211,284.0,3.0,279000.0,3.0,279000.0
212,285.0,2.0,60000.0,2.0,60000.0
213,286.0,1.0,195000.0,1.0,195000.0
214,287.0,1.0,155000.0,1.0,155000.0
215,289.0,4.0,105000.0,4.0,105000.0
216,290.0,2.0,68000.0,2.0,68000.0
217,291.0,1.0,195000.0,1.0,195000.0
218,292.0,1.0,85000.0,1.0,85000.0
219,2341.0,2.0,65000.0,2.0,65000.0
220,184.0,20.0,315000.0,20.0,315000.0
221,169.0,1.0,160000.0,1.0,160000.0
222,296.0,6.0,270000.0,6.0,270000.0
223,297.0,2.0,185000.0,2.0,185000.0
224,298.0,10.0,1200000.0,10.0,1200000.0
225,2347.0,200.0,225000.0,200.0,225000.0
226,300.0,3.0,263000.0,3.0,263000.0
227,301.0,12.0,295000.0,12.0,295000.0
228,302.0,10.0,269000.0,10.0,269000.0
229,304.0,40.0,125000.0,40.0,125000.0
230,2353.0,1.0,69000.0,1.0,69000.0
231,187.0,3.0,800000.0,3.0,800000.0
232,307.0,3.0,98000.0,3.0,98000.0
233,2356.0,100.0,800000.0,100.0,800000.0
234,309.0,1.0,73000.0,1.0,73000.0
235,310.0,1.0,96000.0,1.0,96000.0
236,311.0,20.0,109900.0,20.0,109900.0
237,313.0,1.0,32000.0,1.0,32000.0
238,314.0,1.0,65000.0,1.0,65000.0
239,315.0,8.0,39000.0,8.0,39000.0
240,2365.0,20.0,850000.0,20.0,850000.0
241,1593.0,2.0,40000.0,2.0,40000.0
242,319.0,2.0,133000.0,2.0,133000.0
243,2368.0,9.0,350000.0,9.0,350000.0
244,2371.0,10.0,450000.0,10.0,450000.0
245,1918.0,1.0,299000.0,1.0,299000.0
246,326.0,6.0,295000.0,6.0,295000.0
247,327.0,10.0,650000.0,10.0,650000.0
248,328.0,2.0,4300000.0,2.0,4300000.0
249,2377.0,8.0,5800000.0,8.0,5800000.0
250,331.0,100.0,330000.0,100.0,330000.0
251,332.0,100.0,100000.0,100.0,100000.0
252,333.0,4.0,75000.0,4.0,75000.0
253,334.0,3.0,320000.0,3.0,320000.0
254,2383.0,2.0,23000.0,2.0,23000.0
255,336.0,1.0,70000.0,1.0,70000.0
256,337.0,10.0,5770000.0,10.0,5770000.0
257,338.0,1.0,3200000.0,1.0,3200000.0
258,339.0,1.0,50000.0,1.0,50000.0
259,340.0,5.0,550000.0,5.0,550000.0
260,341.0,5.0,275000.0,5.0,275000.0
261,342.0,1.0,150000.0,1.0,150000.0
262,343.0,1.0,45000.0,1.0,45000.0
263,345.0,6.0,350000.0,6.0,350000.0
264,1537.0,1.0,850000.0,1.0,850000.0
265,347.0,2.0,155000.0,2.0,155000.0
266,917.0,3.0,89900.0,3.0,89900.0
267,2398.0,2.0,1825000.0,2.0,1825000.0
268,351.0,1.0,65000.0,1.0,65000.0
269,353.0,2.0,2350000.0,2.0,2350000.0
270,258.0,1.0,425000.0,1.0,425000.0
271,2107.0,25.0,45000.0,25.0,45000.0
272,356.0,5.0,825000.0,5.0,825000.0
273,357.0,2.0,30500.0,2.0,30500.0
274,358.0,1.0,45000.0,1.0,45000.0
275,359.0,19.0,95000.0,19.0,95000.0
276,361.0,2.0,125000.0,2.0,125000.0
277,302.0,10.0,269000.0,10.0,269000.0
278,2411.0,7.0,250000.0,7.0,250000.0
279,364.0,6.0,250000.0,6.0,250000.0
280,365.0,22.0,75000.0,22.0,75000.0
281,366.0,1.0,80000.0,1.0,80000.0
282,2415.0,2.0,100000.0,2.0,100000.0
283,368.0,10.0,22000.0,10.0,22000.0
284,369.0,4.0,35000.0,4.0,35000.0
285,370.0,1.0,80000.0,1.0,80000.0
286,2419.0,2.0,90000.0,2.0,90000.0
287,290.0,2.0,68000.0,2.0,68000.0
288,2398.0,2.0,1825000.0,2.0,1825000.0
289,375.0,1.0,1000000.0,1.0,1000000.0
290,340.0,5.0,550000.0,5.0,550000.0
291,2427.0,11.0,199500.0,11.0,199500.0
292,2431.0,6.0,665000.0,6.0,665000.0
293,516.0,10.0,250000.0,10.0,250000.0
294,2435.0,2.0,279000.0,2.0,279000.0
295,1096.0,1.0,49000.0,1.0,49000.0
296,1900.0,15.0,59900.0,15.0,59900.0
297,2439.0,10.0,650000.0,10.0,650000.0
298,2491.0,5.0,75000.0,5.0,75000.0
299,393.0,2.0,65000.0,2.0,65000.0
300,394.0,10.0,750000.0,10.0,750000.0
301,2443.0,1.0,249000.0,1.0,249000.0
302,396.0,2.0,590000.0,2.0,590000.0
303,291.0,1.0,195000.0,1.0,195000.0
304,1584.0,1.0,35000.0,1.0,35000.0
305,2447.0,1.0,97500.0,1.0,97500.0
306,401.0,20.0,650000.0,20.0,650000.0
307,402.0,18.0,575000.0,18.0,575000.0
308,2451.0,1.0,345000.0,1.0,345000.0
309,404.0,4.0,1200000.0,4.0,1200000.0
310,405.0,10.0,140000.0,10.0,140000.0
311,406.0,1.0,45000.0,1.0,45000.0
312,2455.0,1.0,389900.0,1.0,389900.0
313,408.0,2.0,1000000.0,2.0,1000000.0
314,409.0,10.0,1185000.0,10.0,1185000.0
315,2459.0,1.0,190000.0,1.0,190000.0
316,412.0,1.0,450000.0,1.0,450000.0
317,345.0,6.0,350000.0,6.0,350000.0
318,2463.0,2.0,270000.0,2.0,270000.0
319,416.0,1.0,21650000.0,1.0,21650000.0
320,417.0,2.0,750000.0,2.0,750000.0
321,418.0,2.0,405000.0,2.0,405000.0
322,411.0,50.0,700000.0,50.0,700000.0
323,420.0,1.0,375000.0,1.0,375000.0
324,421.0,2.0,260000.0,2.0,260000.0
325,422.0,1.0,225000.0,1.0,225000.0
326,423.0,1.0,290000.0,1.0,290000.0
327,425.0,4.0,180000.0,4.0,180000.0
328,426.0,5.0,703500.0,5.0,703500.0
329,2475.0,3.0,265000.0,3.0,265000.0
330,428.0,25.0,250000.0,25.0,250000.0
331,429.0,7.0,2300000.0,7.0,2300000.0
332,430.0,100.0,485000.0,100.0,485000.0
333,2479.0,1.0,375000.0,1.0,375000.0
334,432.0,1.0,475000.0,1.0,475000.0
335,433.0,3.0,275000.0,3.0,275000.0
336,579.0,10.0,55000.0,10.0,55000.0
337,435.0,2.0,540000.0,2.0,540000.0
338,436.0,4.0,350000.0,4.0,350000.0
339,437.0,2.0,2150000.0,2.0,2150000.0
340,438.0,3.0,55000.0,3.0,55000.0
341,439.0,10.0,144500.0,10.0,144500.0
342,440.0,2.0,1300000.0,2.0,1300000.0
343,441.0,10.0,749000.0,10.0,749000.0
344,442.0,1.0,325000.0,1.0,325000.0
345,443.0,4.0,275000.0,4.0,275000.0
346,444.0,1.0,275000.0,1.0,275000.0
347,445.0,3.0,110000.0,3.0,110000.0
348,446.0,2.0,280000.0,2.0,280000.0
349,447.0,1.0,290000.0,1.0,290000.0
350,448.0,6.0,900000.0,6.0,900000.0
351,449.0,1.0,410000.0,1.0,410000.0
352,450.0,4.0,450000.0,4.0,450000.0
353,451.0,1.0,160000.0,1.0,160000.0
354,452.0,100.0,1850000.0,100.0,1850000.0
355,454.0,4.0,150000.0,4.0,150000.0
356,455.0,1.0,89000.0,1.0,89000.0
357,456.0,1.0,250000.0,1.0,250000.0
358,457.0,3.0,635000.0,3.0,635000.0
359,458.0,1.0,350000.0,1.0,350000.0
360,459.0,1.0,295000.0,1.0,295000.0
361,460.0,1.0,150000.0,1.0,150000.0
362,461.0,2.0,49900.0,2.0,49900.0
363,462.0,25.0,2900000.0,25.0,2900000.0
364,463.0,2.0,500000.0,2.0,500000.0
365,464.0,20.0,800000.0,20.0,800000.0
366,465.0,11.0,199000.0,11.0,199000.0
367,466.0,25.0,155500.0,25.0,155500.0
368,2515.0,3.0,100000.0,3.0,100000.0
369,468.0,10.0,55000.0,10.0,55000.0
370,469.0,2.0,220000.0,2.0,220000.0
371,2519.0,2.0,49000.0,2.0,49000.0
372,473.0,1.0,65000.0,1.0,65000.0
373,474.0,10.0,165000.0,10.0,165000.0
374,2523.0,2.0,300000.0,2.0,300000.0
375,476.0,1.0,369000.0,1.0,369000.0
376,477.0,10.0,3450000.0,10.0,3450000.0
377,478.0,1.0,150000.0,1.0,150000.0
378,479.0,1.0,35000.0,1.0,35000.0
379,480.0,1.0,100000.0,1.0,100000.0
380,482.0,1.0,150000.0,1.0,150000.0
381,2531.0,2.0,143000.0,2.0,143000.0
382,484.0,1.0,58500.0,1.0,58500.0
383,485.0,1.0,130000.0,1.0,130000.0
384,351.0,1.0,65000.0,1.0,65000.0
385,487.0,1.0,190000.0,1.0,190000.0
386,488.0,1.0,50000.0,1.0,50000.0
387,489.0,1.0,110000.0,1.0,110000.0
388,2539.0,2.0,77000.0,2.0,77000.0
389,493.0,1.0,66600.0,1.0,66600.0
390,494.0,1.0,75000.0,1.0,75000.0
391,495.0,1.0,85000.0,1.0,85000.0
392,496.0,1.0,215000.0,1.0,215000.0
393,497.0,1.0,110000.0,1.0,110000.0
394,498.0,1.0,507000.0,1.0,507000.0
395,2547.0,1.0,125000.0,1.0,125000.0
396,500.0,2.0,89800.0,2.0,89800.0
397,501.0,1.0,42500.0,1.0,42500.0
398,502.0,1.0,25000.0,1.0,25000.0
399,503.0,1.0,50000.0,1.0,50000.0
400,645.0,1.0,110000.0,1.0,110000.0
401,506.0,1.0,37500.0,1.0,37500.0
402,507.0,3.0,169000.0,3.0,169000.0
403,508.0,1.0,75000.0,1.0,75000.0
404,509.0,1.0,125000.0,1.0,125000.0
405,2559.0,5.0,289000.0,5.0,289000.0
406,512.0,1.0,50000.0,1.0,50000.0
407,513.0,1.0,165000.0,1.0,165000.0
408,540.0,3.0,1095000.0,3.0,1095000.0
409,2563.0,3.0,195000.0,3.0,195000.0
410,516.0,10.0,250000.0,10.0,250000.0
411,517.0,1.0,7500.0,1.0,7500.0
412,520.0,1.0,130000.0,1.0,130000.0
413,521.0,1.0,6000.0,1.0,6000.0
414,863.0,1.0,40000.0,1.0,40000.0
415,523.0,1.0,17300.0,1.0,17300.0
416,526.0,2.0,125000.0,2.0,125000.0
417,2575.0,20.0,90000.0,20.0,90000.0
418,529.0,1.0,25000.0,1.0,25000.0
419,531.0,1.0,1525000.0,1.0,1525000.0
420,520.0,1.0,130000.0,1.0,130000.0
421,533.0,1.0,50000.0,1.0,50000.0
422,534.0,10.0,550000.0,10.0,550000.0
423,2583.0,2.0,50000.0,2.0,50000.0
424,537.0,6.0,1375000.0,6.0,1375000.0
425,250.0,1.0,210000.0,1.0,210000.0
426,2587.0,12.0,22800.0,12.0,22800.0
427,540.0,3.0,1095000.0,3.0,1095000.0
428,541.0,30.0,5250000.0,30.0,5250000.0
429,2591.0,12.0,56000.0,12.0,56000.0
430,369.0,4.0,35000.0,4.0,35000.0
431,1677.0,1.0,399900.0,1.0,399900.0
432,179.0,102.0,100000.0,102.0,100000.0
433,2599.0,5.0,199500.0,5.0,199500.0
434,552.0,10.0,165000.0,10.0,165000.0
435,222.0,30.0,195000.0,30.0,195000.0
436,555.0,6.0,40000.0,6.0,40000.0
437,1936.0,1.0,1250000.0,1.0,1250000.0
438,558.0,2.0,20000.0,2.0,20000.0
439,561.0,10.0,215000.0,10.0,215000.0
440,2483.0,2.0,240000.0,2.0,240000.0
441,564.0,1.0,599000.0,1.0,599000.0
442,1531.0,5.0,420000.0,5.0,420000.0
443,16.0,1.0,100000.0,1.0,100000.0
444,1007.0,1.0,65000.0,1.0,65000.0
445,570.0,10.0,850000.0,10.0,850000.0
446,2302.0,4.0,35000.0,4.0,35000.0
447,299.0,1.0,109300.0,1.0,109300.0
448,216.0,12.0,350000.0,12.0,350000.0
449,959.0,1.0,140000.0,1.0,140000.0
450,579.0,10.0,55000.0,10.0,55000.0
451,252.0,2.0,15000.0,2.0,15000.0
452,2633.0,1.0,18000.0,1.0,18000.0
453,2350.0,1.0,60000.0,1.0,60000.0
454,2487.0,1.0,135000.0,1.0,135000.0
455,588.0,1.0,799000.0,1.0,799000.0
456,555.0,6.0,40000.0,6.0,40000.0
457,1324.0,10.0,245000.0,10.0,245000.0
458,2639.0,3.0,17000.0,3.0,17000.0
459,723.0,3.0,105000.0,3.0,105000.0
460,594.0,2.0,949000.0,2.0,949000.0
461,2131.0,1.0,96000.0,1.0,96000.0
462,597.0,2.0,160000.0,2.0,160000.0
463,210.0,2.0,3024000.0,2.0,3024000.0
464,1017.0,2.0,529000.0,2.0,529000.0
465,2650.0,1.0,36000.0,1.0,36000.0
466,603.0,2.0,32500.0,2.0,32500.0
467,254.0,1.0,249000.0,1.0,249000.0
468,101.0,3.0,300000.0,3.0,300000.0
469,609.0,2.0,48500.0,2.0,48500.0
470,1041.0,20.0,689900.0,20.0,689900.0
471,2491.0,5.0,75000.0,5.0,75000.0
472,612.0,22.0,4800000.0,22.0,4800000.0
473,14.0,3.0,404100.0,3.0,404100.0
474,446.0,2.0,280000.0,2.0,280000.0
475,2639.0,3.0,17000.0,3.0,17000.0
476,618.0,2.0,285000.0,2.0,285000.0
477,1620.0,1.0,259000.0,1.0,259000.0
478,256.0,1.0,165000.0,1.0,165000.0
479,621.0,3.0,10000.0,3.0,10000.0
480,1834.0,10.0,750000.0,10.0,750000.0
481,421.0,2.0,260000.0,2.0,260000.0
482,359.0,19.0,95000.0,19.0,95000.0
483,2495.0,1.0,130000.0,1.0,130000.0
484,636.0,1.0,18800.0,1.0,18800.0
485,1402.0,1.0,115000.0,1.0,115000.0
486,639.0,10.0,395000.0,10.0,395000.0
487,995.0,6.0,1350000.0,6.0,1350000.0
488,642.0,1.0,390000.0,1.0,390000.0
489,178.0,10.0,285000.0,10.0,285000.0
490,212.0,1.0,4999000.0,1.0,4999000.0
491,645.0,1.0,110000.0,1.0,110000.0
492,1067.0,40.0,146000.0,40.0,146000.0
493,138.0,4.0,60000.0,4.0,60000.0
494,648.0,5.0,101900.0,5.0,101900.0
495,651.0,7.0,85000.0,7.0,85000.0
496,502.0,1.0,25000.0,1.0,25000.0
497,1560.0,1.0,35000.0,1.0,35000.0
498,654.0,3.0,35000.0,3.0,35000.0
499,657.0,1.0,600000.0,1.0,600000.0
500,427.0,1.0,400000.0,1.0,400000.0
501,2499.0,1.0,179000.0,1.0,179000.0
502,660.0,2.0,135000.0,2.0,135000.0
503,431.0,2.0,270000.0,2.0,270000.0
504,663.0,2.0,105000.0,2.0,105000.0
505,666.0,1.0,356000.0,1.0,356000.0
506,669.0,1.0,140000.0,1.0,140000.0
507,669.0,1.0,140000.0,1.0,140000.0
508,1701.0,1.0,11000.0,1.0,11000.0
509,675.0,50.0,35100.0,50.0,35100.0
510,672.0,1.0,385000.0,1.0,385000.0
511,675.0,50.0,35100.0,50.0,35100.0
512,489.0,1.0,110000.0,1.0,110000.0
513,678.0,1.0,400000.0,1.0,400000.0
514,2455.0,1.0,389900.0,1.0,389900.0
515,681.0,40.0,270000.0,40.0,270000.0
516,457.0,3.0,635000.0,3.0,635000.0
517,684.0,1.0,410000.0,1.0,410000.0
518,687.0,1.0,350000.0,1.0,350000.0
519,690.0,1.0,140000.0,1.0,140000.0
520,693.0,10.0,140000.0,10.0,140000.0
521,2137.0,1.0,330000.0,1.0,330000.0
522,1587.0,4.0,49000.0,4.0,49000.0
523,455.0,1.0,89000.0,1.0,89000.0
524,248.0,20.0,229000.0,20.0,229000.0
525,2499.0,1.0,179000.0,1.0,179000.0
526,705.0,2.0,47500.0,2.0,47500.0
527,1513.0,1.0,395000.0,1.0,395000.0
528,2467.0,13.0,30100.0,13.0,30100.0
529,234.0,1.0,100000.0,1.0,100000.0
530,375.0,1.0,1000000.0,1.0,1000000.0
531,206.0,2.0,240000.0,2.0,240000.0
532,2209.0,15.0,125000.0,15.0,125000.0
533,2487.0,1.0,135000.0,1.0,135000.0
534,2326.0,24.0,280000.0,24.0,280000.0
535,723.0,3.0,105000.0,3.0,105000.0
536,356.0,5.0,825000.0,5.0,825000.0
537,443.0,4.0,275000.0,4.0,275000.0
538,1581.0,1.0,275000.0,1.0,275000.0
539,485.0,1.0,130000.0,1.0,130000.0
540,2511.0,21.0,22500.0,21.0,22500.0
541,732.0,1.0,71000.0,1.0,71000.0
542,208.0,100.0,5592000.0,100.0,5592000.0
543,735.0,3.0,99900.0,3.0,99900.0
544,357.0,2.0,30500.0,2.0,30500.0
545,738.0,4.0,57900.0,4.0,57900.0
546,1079.0,10.0,8000.0,10.0,8000.0
547,741.0,20.0,280000.0,20.0,280000.0
548,744.0,1.0,255000.0,1.0,255000.0
549,491.0,1.0,97000.0,1.0,97000.0
550,747.0,1.0,29800.0,1.0,29800.0
551,2415.0,2.0,100000.0,2.0,100000.0
552,445.0,3.0,110000.0,3.0,110000.0
553,393.0,2.0,65000.0,2.0,65000.0
554,238.0,2.0,204000.0,2.0,204000.0
555,533.0,1.0,50000.0,1.0,50000.0
556,447.0,1.0,290000.0,1.0,290000.0
557,2535.0,1.0,67000.0,1.0,67000.0
558,500.0,2.0,89800.0,2.0,89800.0
559,230.0,3.0,1938000.0,3.0,1938000.0
560,487.0,1.0,190000.0,1.0,190000.0
561,483.0,1.0,124000.0,1.0,124000.0
562,1064.0,35.0,295000.0,35.0,295000.0
563,426.0,5.0,703500.0,5.0,703500.0
564,402.0,18.0,575000.0,18.0,575000.0
565,2404.0,1.0,65000.0,1.0,65000.0
566,2368.0,9.0,350000.0,9.0,350000.0
567,2451.0,1.0,345000.0,1.0,345000.0
568,2443.0,1.0,249000.0,1.0,249000.0
569,188.0,5.0,575000.0,5.0,575000.0
570,1498.0,10.0,60000.0,10.0,60000.0
571,1116.0,55.0,35000.0,55.0,35000.0
572,2233.0,1.0,790000.0,1.0,790000.0
573,337.0,10.0,5770000.0,10.0,5770000.0
574,1645.0,2.0,1956000.0,2.0,1956000.0
575,1453.0,1.0,109000.0,1.0,109000.0
576,475.0,6.0,230000.0,6.0,230000.0
577,276.0,1.0,250000.0,1.0,250000.0
578,806.0,1.0,130000.0,1.0,130000.0
579,134.0,1.0,600000.0,1.0,600000.0
580,1132.0,2.0,100000.0,2.0,100000.0
581,884.0,100.0,90000.0,100.0,90000.0
582,851.0,5.0,8800.0,5.0,8800.0
583,1492.0,1.0,90000.0,1.0,90000.0
584,932.0,9.0,90000.0,9.0,90000.0
585,824.0,25.0,350000.0,25.0,350000.0
586,2431.0,6.0,665000.0,6.0,665000.0
587,2527.0,2.0,155000.0,2.0,155000.0
588,2459.0,1.0,190000.0,1.0,190000.0
589,2041.0,10.0,515000.0,10.0,515000.0
590,2636.0,2.0,48000.0,2.0,48000.0
591,361.0,2.0,125000.0,2.0,125000.0
592,15.0,2.0,3350000.0,2.0,3350000.0
593,293.0,2.0,118800.0,2.0,118800.0
594,2227.0,1.0,992000.0,1.0,992000.0
595,309.0,1.0,73000.0,1.0,73000.0
596,848.0,10.0,75000.0,10.0,75000.0
597,1762.0,1.0,14600000.0,1.0,14600000.0
598,483.0,1.0,124000.0,1.0,124000.0
599,476.0,1.0,369000.0,1.0,369000.0
600,1623.0,9.0,199000.0,9.0,199000.0
601,465.0,11.0,199000.0,11.0,199000.0
602,857.0,1.0,159900.0,1.0,159900.0
603,2579.0,4.0,25000.0,4.0,25000.0
604,233.0,10.0,1967000.0,10.0,1967000.0
605,860.0,1.0,35000.0,1.0,35000.0
606,468.0,10.0,55000.0,10.0,55000.0
607,863.0,1.0,40000.0,1.0,40000.0
608,827.0,1.0,89100.0,1.0,89100.0
609,512.0,1.0,50000.0,1.0,50000.0
610,454.0,4.0,150000.0,4.0,150000.0
611,441.0,10.0,749000.0,10.0,749000.0
612,875.0,1.0,32500.0,1.0,32500.0
613,878.0,5.0,300000.0,5.0,300000.0
614,881.0,1.0,260000.0,1.0,260000.0
615,449.0,1.0,410000.0,1.0,410000.0
616,884.0,100.0,90000.0,100.0,90000.0
617,2308.0,30.0,21500.0,30.0,21500.0
618,887.0,2.0,50000.0,2.0,50000.0
619,478.0,1.0,150000.0,1.0,150000.0
620,408.0,2.0,1000000.0,2.0,1000000.0
621,461.0,2.0,49900.0,2.0,49900.0
622,893.0,3.0,20000.0,3.0,20000.0
623,2423.0,10.0,324000.0,10.0,324000.0
624,896.0,4.0,158000.0,4.0,158000.0
625,2439.0,10.0,650000.0,10.0,650000.0
626,491.0,1.0,97000.0,1.0,97000.0
627,174.0,10.0,375000.0,10.0,375000.0
628,1061.0,10.0,240000.0,10.0,240000.0
629,285.0,2.0,60000.0,2.0,60000.0
630,911.0,2.0,40000.0,2.0,40000.0
631,195.0,9.0,989000.0,9.0,989000.0
632,914.0,1.0,15000.0,1.0,15000.0
633,917.0,3.0,89900.0,3.0,89900.0
634,534.0,10.0,550000.0,10.0,550000.0
635,920.0,3.0,175000.0,3.0,175000.0
636,2314.0,2.0,350000.0,2.0,350000.0
637,2543.0,1.0,161500.0,1.0,161500.0
638,5.0,1.0,604500.0,1.0,604500.0
639,406.0,1.0,45000.0,1.0,45000.0
640,2152.0,2.0,650000.0,2.0,650000.0
641,929.0,1.0,275000.0,1.0,275000.0
642,2053.0,1.0,210000.0,1.0,210000.0
643,2.0,3.0,17800000.0,3.0,17800000.0
644,932.0,9.0,90000.0,9.0,90000.0
645,407.0,10.0,65000.0,10.0,65000.0
646,2435.0,2.0,279000.0,2.0,279000.0
647,935.0,4.0,10000.0,4.0,10000.0
648,938.0,5.0,73900.0,5.0,73900.0
649,660.0,2.0,135000.0,2.0,135000.0
650,657.0,1.0,600000.0,1.0,600000.0
651,944.0,1.0,54900.0,1.0,54900.0
652,1076.0,2.0,109000.0,2.0,109000.0
653,947.0,1.0,130000.0,1.0,130000.0
654,420.0,1.0,375000.0,1.0,375000.0
655,1029.0,1.0,85000.0,1.0,85000.0
656,283.0,2.0,85000.0,2.0,85000.0
657,2221.0,1.0,25000.0,1.0,25000.0
658,956.0,15.0,39000.0,15.0,39000.0
659,959.0,1.0,140000.0,1.0,140000.0
660,920.0,3.0,175000.0,3.0,175000.0
661,469.0,2.0,220000.0,2.0,220000.0
662,968.0,1.0,650000.0,1.0,650000.0
663,2551.0,1.0,140000.0,1.0,140000.0
664,418.0,2.0,405000.0,2.0,405000.0
665,2527.0,2.0,155000.0,2.0,155000.0
666,1387.0,5.0,25000.0,5.0,25000.0
667,529.0,1.0,25000.0,1.0,25000.0
668,977.0,1.0,160000.0,1.0,160000.0
669,651.0,7.0,85000.0,7.0,85000.0
670,983.0,8.0,210000.0,8.0,210000.0
671,612.0,22.0,4800000.0,22.0,4800000.0
672,358.0,1.0,45000.0,1.0,45000.0
673,1852.0,1.0,65000.0,1.0,65000.0
674,170.0,10.0,613000.0,10.0,613000.0
675,827.0,1.0,89100.0,1.0,89100.0
676,1669.0,4.0,1051000.0,4.0,1051000.0
677,1525.0,1.0,35000.0,1.0,35000.0
678,992.0,1.0,177900.0,1.0,177900.0
679,-1.0,2.0,75000.0,2.0,75000.0
680,459.0,1.0,295000.0,1.0,295000.0
681,995.0,6.0,1350000.0,6.0,1350000.0
682,1126.0,3.0,125000.0,3.0,125000.0
683,998.0,2.0,7000.0,2.0,7000.0
684,156.0,1.0,1525000.0,1.0,1525000.0
685,281.0,2.0,530000.0,2.0,530000.0
686,172.0,4.0,250000.0,4.0,250000.0
687,167.0,5.0,115000.0,5.0,115000.0
688,1004.0,1.0,43000.0,1.0,43000.0
689,1660.0,3.0,499000.0,3.0,499000.0
690,1007.0,1.0,65000.0,1.0,65000.0
691,1008.0,1.0,1100000.0,1.0,1100000.0
692,436.0,4.0,350000.0,4.0,350000.0
693,851.0,5.0,8800.0,5.0,8800.0
694,2380.0,14.0,550000.0,14.0,550000.0
695,475.0,6.0,230000.0,6.0,230000.0
696,1017.0,2.0,529000.0,2.0,529000.0
697,511.0,5.0,1450000.0,5.0,1450000.0
698,1020.0,1.0,165000.0,1.0,165000.0
699,287.0,1.0,155000.0,1.0,155000.0
700,1023.0,1.0,69300.0,1.0,69300.0
701,1112.0,1.0,22000.0,1.0,22000.0
702,405.0,10.0,140000.0,10.0,140000.0
703,277.0,6.0,2500.0,6.0,2500.0
704,887.0,2.0,50000.0,2.0,50000.0
705,1029.0,1.0,85000.0,1.0,85000.0
706,1468.0,10.0,57000.0,10.0,57000.0
707,1032.0,20.0,100000.0,20.0,100000.0
708,466.0,25.0,155500.0,25.0,155500.0
709,2176.0,1.0,20000.0,1.0,20000.0
710,2338.0,4.0,3750000.0,4.0,3750000.0
711,1651.0,2.0,649000.0,2.0,649000.0
712,289.0,4.0,105000.0,4.0,105000.0
713,1041.0,20.0,689900.0,20.0,689900.0
714,1042.0,8.0,162900.0,8.0,162900.0
715,515.0,12.0,19000.0,12.0,19000.0
716,1045.0,1.0,240000.0,1.0,240000.0
717,1432.0,20.0,167000.0,20.0,167000.0
718,1048.0,20.0,19000.0,20.0,19000.0
719,744.0,1.0,255000.0,1.0,255000.0
720,97.0,3.0,765000.0,3.0,765000.0
721,428.0,25.0,250000.0,25.0,250000.0
722,1399.0,1.0,86300.0,1.0,86300.0
723,1055.0,10.0,2000000.0,10.0,2000000.0
724,2224.0,10.0,5200.0,10.0,5200.0
725,1058.0,3.0,150000.0,3.0,150000.0
726,2427.0,11.0,199500.0,11.0,199500.0
727,1061.0,10.0,240000.0,10.0,240000.0
728,189.0,2.0,175000.0,2.0,175000.0
729,1064.0,35.0,295000.0,35.0,295000.0
730,1067.0,40.0,146000.0,40.0,146000.0
731,1070.0,10.0,53000.0,10.0,53000.0
732,473.0,1.0,65000.0,1.0,65000.0
733,1420.0,1.0,91900.0,1.0,91900.0
734,1073.0,1.0,6000.0,1.0,6000.0
735,881.0,1.0,260000.0,1.0,260000.0
736,2227.0,1.0,992000.0,1.0,992000.0
737,1076.0,2.0,109000.0,2.0,109000.0
738,1079.0,10.0,8000.0,10.0,8000.0
739,1444.0,2.0,119900.0,2.0,119900.0
740,1081.0,5.0,880000.0,5.0,880000.0
741,1083.0,100.0,510000.0,100.0,510000.0
742,1608.0,1.0,105000.0,1.0,105000.0
743,1933.0,3.0,47000.0,3.0,47000.0
744,1089.0,2.0,199000.0,2.0,199000.0
745,416.0,1.0,21650000.0,1.0,21650000.0
746,1093.0,1.0,110000.0,1.0,110000.0
747,265.0,1.0,320000.0,1.0,320000.0
748,1096.0,1.0,49000.0,1.0,49000.0
749,561.0,10.0,215000.0,10.0,215000.0
750,1099.0,3.0,40000.0,3.0,40000.0
751,432.0,1.0,475000.0,1.0,475000.0
752,1081.0,5.0,880000.0,5.0,880000.0
753,2559.0,5.0,289000.0,5.0,289000.0
754,1105.0,2.0,90000.0,2.0,90000.0
755,2140.0,1.0,432100.0,1.0,432100.0
756,1108.0,1.0,90000.0,1.0,90000.0
757,1111.0,1.0,17000.0,1.0,17000.0
758,1112.0,1.0,22000.0,1.0,22000.0
759,1114.0,5.0,109100.0,5.0,109100.0
760,527.0,1.0,225000.0,1.0,225000.0
761,1116.0,55.0,35000.0,55.0,35000.0
762,1117.0,2.0,11900.0,2.0,11900.0
763,1119.0,4.0,125000.0,4.0,125000.0
764,506.0,1.0,37500.0,1.0,37500.0
765,1126.0,3.0,125000.0,3.0,125000.0
766,1129.0,1.0,700000.0,1.0,700000.0
767,307.0,3.0,98000.0,3.0,98000.0
768,1132.0,2.0,100000.0,2.0,100000.0
769,693.0,10.0,140000.0,10.0,140000.0
770,2523.0,2.0,300000.0,2.0,300000.0
771,273.0,16.0,100000.0,16.0,100000.0
772,618.0,2.0,285000.0,2.0,285000.0
773,2579.0,4.0,25000.0,4.0,25000.0
774,451.0,1.0,160000.0,1.0,160000.0
775,338.0,1.0,3200000.0,1.0,3200000.0
776,2110.0,1.0,2500000.0,1.0,2500000.0
777,1429.0,1.0,55000.0,1.0,55000.0
778,271.0,2.0,369000.0,2.0,369000.0
779,235.0,1.0,220000.0,1.0,220000.0
780,594.0,2.0,949000.0,2.0,949000.0
781,66.0,10.0,175000.0,10.0,175000.0
782,1093.0,1.0,110000.0,1.0,110000.0
783,1921.0,2.0,415000.0,2.0,415000.0
784,1894.0,1.0,22000.0,1.0,22000.0
785,944.0,1.0,54900.0,1.0,54900.0
786,1408.0,1.0,40000.0,1.0,40000.0
787,2242.0,1.0,900000.0,1.0,900000.0
788,181.0,10.0,240000.0,10.0,240000.0
789,228.0,2.0,1440000.0,2.0,1440000.0
790,463.0,2.0,500000.0,2.0,500000.0
791,1534.0,26.0,1050000.0,26.0,1050000.0
792,196.0,1.0,90000.0,1.0,90000.0
793,313.0,1.0,32000.0,1.0,32000.0
794,1903.0,10.0,133000.0,10.0,133000.0
795,183.0,100.0,1160000.0,100.0,1160000.0
796,1504.0,1.0,70000.0,1.0,70000.0
797,261.0,2.0,275000.0,2.0,275000.0
798,185.0,40.0,365000.0,40.0,365000.0
799,194.0,5.0,270000.0,5.0,270000.0
800,1089.0,2.0,199000.0,2.0,199000.0
801,2447.0,1.0,97500.0,1.0,97500.0
802,2293.0,50.0,680000.0,50.0,680000.0
803,315.0,8.0,39000.0,8.0,39000.0
804,275.0,2.0,1710000.0,2.0,1710000.0
805,263.0,1.0,699000.0,1.0,699000.0
806,317.0,4.0,100000.0,4.0,100000.0
807,1813.0,11.0,2090000.0,11.0,2090000.0
808,1566.0,1.0,125000.0,1.0,125000.0
809,2483.0,2.0,240000.0,2.0,240000.0
810,648.0,5.0,101900.0,5.0,101900.0
811,430.0,100.0,485000.0,100.0,485000.0
812,297.0,2.0,185000.0,2.0,185000.0
813,308.0,1.0,115000.0,1.0,115000.0
814,203.0,10.0,375000.0,10.0,375000.0
815,678.0,1.0,400000.0,1.0,400000.0
816,806.0,1.0,130000.0,1.0,130000.0
817,956.0,15.0,39000.0,15.0,39000.0
818,1516.0,1.0,700.0,1.0,700.0
819,1674.0,20.0,850000.0,20.0,850000.0
820,2254.0,1.0,985000.0,1.0,985000.0
821,1105.0,2.0,90000.0,2.0,90000.0
822,1381.0,4.0,140000.0,4.0,140000.0
823,2547.0,1.0,125000.0,1.0,125000.0
824,286.0,1.0,195000.0,1.0,195000.0
825,301.0,12.0,295000.0,12.0,295000.0
826,438.0,3.0,55000.0,3.0,55000.0
827,1099.0,3.0,40000.0,3.0,40000.0
828,2281.0,1.0,141600.0,1.0,141600.0
829,588.0,1.0,799000.0,1.0,799000.0
830,259.0,2.0,149000.0,2.0,149000.0
831,2543.0,1.0,161500.0,1.0,161500.0
832,192.0,2.0,899900.0,2.0,899900.0
833,1927.0,10.0,125000.0,10.0,125000.0
834,1617.0,1.0,50000.0,1.0,50000.0
835,1119.0,4.0,125000.0,4.0,125000.0
836,2284.0,5.0,225000.0,5.0,225000.0
837,2095.0,1.0,129000.0,1.0,129000.0
838,2299.0,3.0,48000.0,3.0,48000.0
839,1417.0,1.0,70000.0,1.0,70000.0
840,597.0,2.0,160000.0,2.0,160000.0
841,1921.0,2.0,415000.0,2.0,415000.0
842,654.0,3.0,35000.0,3.0,35000.0
843,1789.0,1.0,487600.0,1.0,487600.0
844,300.0,3.0,263000.0,3.0,263000.0
845,1710.0,30.0,95000.0,30.0,95000.0
846,326.0,6.0,295000.0,6.0,295000.0
847,218.0,2.0,810000.0,2.0,810000.0
848,570.0,10.0,850000.0,10.0,850000.0
849,474.0,10.0,165000.0,10.0,165000.0
850,2618.0,1.0,27000.0,1.0,27000.0
851,968.0,1.0,650000.0,1.0,650000.0
852,1966.0,5.0,99900.0,5.0,99900.0
853,1117.0,2.0,11900.0,2.0,11900.0
854,1111.0,1.0,17000.0,1.0,17000.0
855,8.0,10.0,6950000.0,10.0,6950000.0
856,247.0,1.0,95000.0,1.0,95000.0
857,938.0,5.0,73900.0,5.0,73900.0
858,365.0,22.0,75000.0,22.0,75000.0
859,311.0,20.0,109900.0,20.0,109900.0
860,552.0,10.0,165000.0,10.0,165000.0
861,1324.0,10.0,245000.0,10.0,245000.0
862,333.0,4.0,75000.0,4.0,75000.0
863,319.0,2.0,133000.0,2.0,133000.0
864,1602.0,1.0,250000.0,1.0,250000.0
865,2551.0,1.0,140000.0,1.0,140000.0
866,2242.0,1.0,900000.0,1.0,900000.0
867,2612.0,3.0,22500.0,3.0,22500.0
868,328.0,2.0,4300000.0,2.0,4300000.0
869,1339.0,1.0,180000.0,1.0,180000.0
870,331.0,100.0,330000.0,100.0,330000.0
871,2515.0,3.0,100000.0,3.0,100000.0
872,507.0,3.0,169000.0,3.0,169000.0
873,224.0,1.0,480000.0,1.0,480000.0
874,488.0,1.0,50000.0,1.0,50000.0
875,229.0,36.0,400000.0,36.0,400000.0
876,893.0,3.0,20000.0,3.0,20000.0
877,875.0,1.0,32500.0,1.0,32500.0
878,681.0,40.0,270000.0,40.0,270000.0
879,741.0,20.0,280000.0,20.0,280000.0
880,132.0,1.0,594900.0,1.0,594900.0
881,2531.0,2.0,143000.0,2.0,143000.0
882,1023.0,1.0,69300.0,1.0,69300.0
883,2275.0,2.0,15000.0,2.0,15000.0
884,347.0,2.0,155000.0,2.0,155000.0
885,2539.0,2.0,77000.0,2.0,77000.0
886,1707.0,20.0,380000.0,20.0,380000.0
887,269.0,1.0,130000.0,1.0,130000.0
888,404.0,4.0,1200000.0,4.0,1200000.0
889,2618.0,1.0,27000.0,1.0,27000.0
890,1378.0,2.0,45000.0,2.0,45000.0
891,350.0,1.0,350000.0,1.0,350000.0
892,1381.0,4.0,140000.0,4.0,140000.0
893,1569.0,1.0,150000.0,1.0,150000.0
894,1387.0,5.0,25000.0,5.0,25000.0
895,1390.0,2.0,14000.0,2.0,14000.0
896,2200.0,35.0,197000.0,35.0,197000.0
897,1393.0,3.0,25900.0,3.0,25900.0
898,370.0,1.0,80000.0,1.0,80000.0
899,1399.0,1.0,86300.0,1.0,86300.0
900,1465.0,40.0,50000.0,40.0,50000.0
901,1402.0,1.0,115000.0,1.0,115000.0
902,2650.0,1.0,36000.0,1.0,36000.0
903,564.0,1.0,599000.0,1.0,599000.0
904,1405.0,1.0,137800.0,1.0,137800.0
905,176.0,18.0,300000.0,18.0,300000.0
906,1408.0,1.0,40000.0,1.0,40000.0
907,558.0,2.0,20000.0,2.0,20000.0
908,320.0,1.0,68000.0,1.0,68000.0
909,1411.0,1.0,105000.0,1.0,105000.0
910,339.0,1.0,50000.0,1.0,50000.0
911,636.0,1.0,18800.0,1.0,18800.0
912,1414.0,2.0,59000.0,2.0,59000.0
913,251.0,1.0,40000.0,1.0,40000.0
914,1635.0,1.0,1250000.0,1.0,1250000.0
915,236.0,1.0,152000.0,1.0,152000.0
916,1420.0,1.0,91900.0,1.0,91900.0
917,2083.0,1.0,280000.0,1.0,280000.0
918,1423.0,2.0,42000.0,2.0,42000.0
919,521.0,1.0,6000.0,1.0,6000.0
920,2383.0,2.0,23000.0,2.0,23000.0
921,68.0,1.0,89000.0,1.0,89000.0
922,1429.0,1.0,55000.0,1.0,55000.0
923,1432.0,20.0,167000.0,20.0,167000.0
924,1897.0,5.0,30000.0,5.0,30000.0
925,399.0,1.0,600000.0,1.0,600000.0
926,1939.0,3.0,330000.0,3.0,330000.0
927,270.0,1.0,330000.0,1.0,330000.0
928,1423.0,2.0,42000.0,2.0,42000.0
929,923.0,1.0,32900.0,1.0,32900.0
930,1444.0,2.0,119900.0,2.0,119900.0
931,983.0,8.0,210000.0,8.0,210000.0
932,1447.0,1.0,135000.0,1.0,135000.0
933,1486.0,3.0,7000.0,3.0,7000.0
934,1450.0,1.0,99000.0,1.0,99000.0
935,219.0,15.0,790000.0,15.0,790000.0
936,1453.0,1.0,109000.0,1.0,109000.0
937,527.0,1.0,225000.0,1.0,225000.0
938,2612.0,3.0,22500.0,3.0,22500.0
939,17.0,10.0,5620000.0,10.0,5620000.0
940,1459.0,3.0,62000.0,3.0,62000.0
941,1405.0,1.0,137800.0,1.0,137800.0
942,2215.0,6.0,160000.0,6.0,160000.0
943,2128.0,5.0,1250000.0,5.0,1250000.0
944,1465.0,40.0,50000.0,40.0,50000.0
945,1611.0,1.0,37500.0,1.0,37500.0
946,1468.0,10.0,57000.0,10.0,57000.0
947,687.0,1.0,350000.0,1.0,350000.0
948,684.0,1.0,410000.0,1.0,410000.0
949,1477.0,1.0,155000.0,1.0,155000.0
950,1474.0,1.0,135000.0,1.0,135000.0
951,1915.0,6.0,235000.0,6.0,235000.0
952,1477.0,1.0,155000.0,1.0,155000.0
953,70.0,20.0,324000.0,20.0,324000.0
954,237.0,20.0,510000.0,20.0,510000.0
955,2636.0,2.0,48000.0,2.0,48000.0
956,642.0,1.0,390000.0,1.0,390000.0
957,217.0,5.0,278000.0,5.0,278000.0
958,1486.0,3.0,7000.0,3.0,7000.0
959,2254.0,1.0,985000.0,1.0,985000.0
960,248.0,20.0,229000.0,20.0,229000.0
961,211.0,5.0,44100.0,5.0,44100.0
962,1492.0,1.0,90000.0,1.0,90000.0
963,1495.0,90.0,85000.0,90.0,85000.0
964,2077.0,1.0,200000.0,1.0,200000.0
965,1498.0,10.0,60000.0,10.0,60000.0
966,255.0,2.0,849000.0,2.0,849000.0
967,2341.0,2.0,65000.0,2.0,65000.0
968,1083.0,100.0,510000.0,100.0,510000.0
969,1504.0,1.0,70000.0,1.0,70000.0
970,2296.0,80.0,81000.0,80.0,81000.0
971,251.0,1.0,40000.0,1.0,40000.0
972,334.0,3.0,320000.0,3.0,320000.0
973,1055.0,10.0,2000000.0,10.0,2000000.0
974,1513.0,1.0,395000.0,1.0,395000.0
975,1073.0,1.0,6000.0,1.0,6000.0
976,422.0,1.0,225000.0,1.0,225000.0
977,1516.0,1.0,700.0,1.0,700.0
978,690.0,1.0,140000.0,1.0,140000.0
979,1519.0,1.0,1395000.0,1.0,1395000.0
980,998.0,2.0,7000.0,2.0,7000.0
981,254.0,1.0,249000.0,1.0,249000.0
982,2389.0,50.0,487900.0,50.0,487900.0
983,2233.0,1.0,790000.0,1.0,790000.0
984,1531.0,5.0,420000.0,5.0,420000.0
985,1534.0,26.0,1050000.0,26.0,1050000.0
986,2645.0,15.0,68800.0,15.0,68800.0
987,201.0,1.0,115000.0,1.0,115000.0
988,1537.0,1.0,850000.0,1.0,850000.0
989,394.0,10.0,750000.0,10.0,750000.0
990,1540.0,500.0,750000.0,500.0,750000.0
991,1543.0,8.0,250000.0,8.0,250000.0
992,1393.0,3.0,25900.0,3.0,25900.0
993,503.0,1.0,50000.0,1.0,50000.0
994,2365.0,20.0,850000.0,20.0,850000.0
995,848.0,10.0,75000.0,10.0,75000.0
996,1548.0,1.0,350000.0,1.0,350000.0
997,180.0,10.0,385000.0,10.0,385000.0
998,1551.0,1.0,125100.0,1.0,125100.0
999,1020.0,1.0,165000.0,1.0,165000.0
1000,1554.0,5.0,90000.0,5.0,90000.0
1001,992.0,1.0,177900.0,1.0,177900.0
1002,1557.0,5.0,170000.0,5.0,170000.0
1003,207.0,1.0,1749000.0,1.0,1749000.0
1004,639.0,10.0,395000.0,10.0,395000.0
1005,1560.0,1.0,35000.0,1.0,35000.0
1006,1903.0,10.0,133000.0,10.0,133000.0
1007,1563.0,8.0,248900.0,8.0,248900.0
1008,2563.0,3.0,195000.0,3.0,195000.0
1009,1566.0,1.0,125000.0,1.0,125000.0
1010,1569.0,1.0,150000.0,1.0,150000.0
1011,2347.0,200.0,225000.0,200.0,225000.0
1012,523.0,1.0,17300.0,1.0,17300.0
1013,342.0,1.0,150000.0,1.0,150000.0
1014,439.0,10.0,144500.0,10.0,144500.0
1015,253.0,10.0,299000.0,10.0,299000.0
1016,1578.0,1.0,65000.0,1.0,65000.0
1017,67.0,13.0,850000.0,13.0,850000.0
1018,249.0,1.0,18000.0,1.0,18000.0
1019,1581.0,1.0,275000.0,1.0,275000.0
1020,123.0,1.0,10000000.0,1.0,10000000.0
1021,1584.0,1.0,35000.0,1.0,35000.0
1022,857.0,1.0,159900.0,1.0,159900.0
1023,1587.0,4.0,49000.0,4.0,49000.0
1024,241.0,50.0,710000.0,50.0,710000.0
1025,2212.0,50.0,322000.0,50.0,322000.0
1026,1590.0,1.0,60000.0,1.0,60000.0
1027,1593.0,2.0,40000.0,2.0,40000.0
1028,364.0,6.0,250000.0,6.0,250000.0
1029,2098.0,1.0,189200.0,1.0,189200.0
1030,1411.0,1.0,105000.0,1.0,105000.0
1031,215.0,1.0,94000.0,1.0,94000.0
1032,1417.0,1.0,70000.0,1.0,70000.0
1033,1602.0,1.0,250000.0,1.0,250000.0
1034,205.0,3.0,515000.0,3.0,515000.0
1035,1070.0,10.0,53000.0,10.0,53000.0
1036,484.0,1.0,58500.0,1.0,58500.0
1037,1608.0,1.0,105000.0,1.0,105000.0
1038,1414.0,2.0,59000.0,2.0,59000.0
1039,1611.0,1.0,37500.0,1.0,37500.0
1040,515.0,12.0,19000.0,12.0,19000.0
1041,2519.0,2.0,49000.0,2.0,49000.0
1042,269.0,1.0,130000.0,1.0,130000.0
1043,537.0,6.0,1375000.0,6.0,1375000.0
1044,1617.0,1.0,50000.0,1.0,50000.0
1045,1813.0,11.0,2090000.0,11.0,2090000.0
1046,1620.0,1.0,259000.0,1.0,259000.0
1047,1657.0,50.0,120000.0,50.0,120000.0
1048,1623.0,9.0,199000.0,9.0,199000.0
1049,2356.0,100.0,800000.0,100.0,800000.0
1050,225.0,4.0,1485000.0,4.0,1485000.0
1051,233.0,10.0,1967000.0,10.0,1967000.0
1052,947.0,1.0,130000.0,1.0,130000.0
1053,182.0,100.0,745000.0,100.0,745000.0
1054,1563.0,8.0,248900.0,8.0,248900.0
1055,1635.0,1.0,1250000.0,1.0,1250000.0
1056,531.0,1.0,1525000.0,1.0,1525000.0
1057,1638.0,1.0,57000.0,1.0,57000.0
1058,341.0,5.0,275000.0,5.0,275000.0
1059,366.0,1.0,80000.0,1.0,80000.0
1060,231.0,1.0,170000.0,1.0,170000.0
1061,444.0,1.0,275000.0,1.0,275000.0
1062,59.0,1.0,100000.0,1.0,100000.0
1063,1645.0,2.0,1956000.0,2.0,1956000.0
1064,2323.0,1.0,95000.0,1.0,95000.0
1065,239.0,3.0,420000.0,3.0,420000.0
1066,203.0,10.0,375000.0,10.0,375000.0
1067,2323.0,1.0,95000.0,1.0,95000.0
1068,541.0,30.0,5250000.0,30.0,5250000.0
1069,1654.0,6.0,1250000.0,6.0,1250000.0
1070,2645.0,15.0,68800.0,15.0,68800.0
1071,1032.0,20.0,100000.0,20.0,100000.0
1072,1657.0,50.0,120000.0,50.0,120000.0
1073,513.0,1.0,165000.0,1.0,165000.0
1074,501.0,1.0,42500.0,1.0,42500.0
1075,1660.0,3.0,499000.0,3.0,499000.0
1076,1045.0,1.0,240000.0,1.0,240000.0
1077,279.0,1.0,265000.0,1.0,265000.0
1078,1666.0,5.0,325000.0,5.0,325000.0
1079,1669.0,4.0,1051000.0,4.0,1051000.0
1080,508.0,1.0,75000.0,1.0,75000.0
1081,227.0,5.0,780000.0,5.0,780000.0
1082,1674.0,20.0,850000.0,20.0,850000.0
1083,336.0,1.0,70000.0,1.0,70000.0
1084,1677.0,1.0,399900.0,1.0,399900.0
1085,2479.0,1.0,375000.0,1.0,375000.0
1086,1680.0,2.0,518000.0,2.0,518000.0
1087,2335.0,6.0,4000000.0,6.0,4000000.0
1088,3.0,4.0,6850000.0,4.0,6850000.0
1089,2329.0,1.0,350000.0,1.0,350000.0
1090,1525.0,1.0,35000.0,1.0,35000.0
1091,480.0,1.0,100000.0,1.0,100000.0
1092,2080.0,1.0,88000.0,1.0,88000.0
1093,221.0,10.0,2800000.0,10.0,2800000.0
1094,2575.0,20.0,90000.0,20.0,90000.0
1095,1495.0,90.0,85000.0,90.0,85000.0
1096,509.0,1.0,125000.0,1.0,125000.0
1097,1701.0,1.0,11000.0,1.0,11000.0
1098,368.0,10.0,22000.0,10.0,22000.0
1099,1704.0,10.0,1600000.0,10.0,1600000.0
1100,482.0,1.0,150000.0,1.0,150000.0
1101,1707.0,20.0,380000.0,20.0,380000.0
1102,223.0,1.0,325000.0,1.0,325000.0
1103,1710.0,30.0,95000.0,30.0,95000.0
1104,230.0,3.0,1938000.0,3.0,1938000.0
1105,1713.0,5.0,165000.0,5.0,165000.0
1106,1651.0,2.0,649000.0,2.0,649000.0
1107,1717.0,6.0,350000.0,6.0,350000.0
1108,433.0,3.0,275000.0,3.0,275000.0
1109,477.0,10.0,3450000.0,10.0,3450000.0
1110,2335.0,6.0,4000000.0,6.0,4000000.0
1111,517.0,1.0,7500.0,1.0,7500.0
1112,220.0,12.0,725000.0,12.0,725000.0
1113,1447.0,1.0,135000.0,1.0,135000.0
1114,971.0,1.0,126000.0,1.0,126000.0
1115,878.0,5.0,300000.0,5.0,300000.0
1116,935.0,4.0,10000.0,4.0,10000.0
1117,1058.0,3.0,150000.0,3.0,150000.0
1118,292.0,1.0,85000.0,1.0,85000.0
1119,1689.0,5.0,595000.0,5.0,595000.0
1120,2338.0,4.0,3750000.0,4.0,3750000.0
1121,353.0,2.0,2350000.0,2.0,2350000.0
1122,1008.0,1.0,1100000.0,1.0,1100000.0
1123,399.0,1.0,600000.0,1.0,600000.0
1124,2371.0,10.0,450000.0,10.0,450000.0
1125,2224.0,10.0,5200.0,10.0,5200.0
1126,1717.0,6.0,350000.0,6.0,350000.0
1127,293.0,2.0,118800.0,2.0,118800.0
1128,363.0,1.0,125000.0,1.0,125000.0
1129,1762.0,1.0,14600000.0,1.0,14600000.0
1130,2119.0,1.0,50000.0,1.0,50000.0
1131,479.0,1.0,35000.0,1.0,35000.0
1132,462.0,25.0,2900000.0,25.0,2900000.0
1133,232.0,10.0,1900000.0,10.0,1900000.0
1134,1713.0,5.0,165000.0,5.0,165000.0
1135,460.0,1.0,150000.0,1.0,150000.0
1136,672.0,1.0,385000.0,1.0,385000.0
1137,1339.0,1.0,180000.0,1.0,180000.0
1138,1789.0,1.0,487600.0,1.0,487600.0
1139,448.0,6.0,900000.0,6.0,900000.0
1140,526.0,2.0,125000.0,2.0,125000.0
1141,1876.0,6.0,49000.0,6.0,49000.0
1142,1551.0,1.0,125100.0,1.0,125100.0
1143,299.0,1.0,109300.0,1.0,109300.0
1144,2535.0,1.0,67000.0,1.0,67000.0
1145,284.0,3.0,279000.0,3.0,279000.0
1146,496.0,1.0,215000.0,1.0,215000.0
1147,1474.0,1.0,135000.0,1.0,135000.0
1148,2475.0,3.0,265000.0,3.0,265000.0
1149,2587.0,12.0,22800.0,12.0,22800.0
1150,2463.0,2.0,270000.0,2.0,270000.0
1151,2350.0,1.0,60000.0,1.0,60000.0
1152,450.0,4.0,450000.0,4.0,450000.0
1153,235..0,1.0,100000.0,1.0,100000.0
1154,202.0,1.0,156000.0,1.0,156000.0
1155,2275.0,2.0,15000.0,2.0,15000.0
1156,2134.0,1.0,120000.0,1.0,120000.0
1157,2467.0,13.0,30100.0,13.0,30100.0
1158,343.0,1.0,45000.0,1.0,45000.0
1159,282.0,3.0,173000.0,3.0,173000.0
1160,1834.0,10.0,750000.0,10.0,750000.0
1161,497.0,1.0,110000.0,1.0,110000.0
1162,456.0,1.0,250000.0,1.0,250000.0
1163,125.0,3.0,340000.0,3.0,340000.0
1164,1548.0,1.0,350000.0,1.0,350000.0
1165,2305.0,10.0,2489000.0,10.0,2489000.0
1166,280.0,1.0,145000.0,1.0,145000.0
1167,308.0,1.0,115000.0,1.0,115000.0
1168,1852.0,1.0,65000.0,1.0,65000.0
1169,2353.0,1.0,69000.0,1.0,69000.0
1170,1930.0,20.0,176100.0,20.0,176100.0
1171,458.0,1.0,350000.0,1.0,350000.0
1172,2411.0,7.0,250000.0,7.0,250000.0
1173,168.0,1.0,420000.0,1.0,420000.0
1174,493.0,1.0,66600.0,1.0,66600.0
1175,101.0,3.0,300000.0,3.0,300000.0
1176,494.0,1.0,75000.0,1.0,75000.0
1177,2062.0,1.0,50000.0,1.0,50000.0
1178,411.0,50.0,700000.0,50.0,700000.0
1179,442.0,1.0,325000.0,1.0,325000.0
1180,1876.0,6.0,49000.0,6.0,49000.0
1181,1879.0,2.0,70000.0,2.0,70000.0
1182,2329.0,1.0,350000.0,1.0,350000.0
1183,732.0,1.0,71000.0,1.0,71000.0
1184,412.0,1.0,450000.0,1.0,450000.0
1185,1680.0,2.0,518000.0,2.0,518000.0
1186,2002.0,15.0,150000.0,15.0,150000.0
1187,2044.0,1.0,55000.0,1.0,55000.0
1188,1891.0,6.0,160000.0,6.0,160000.0
1189,464.0,20.0,800000.0,20.0,800000.0
1190,1894.0,1.0,22000.0,1.0,22000.0
1191,923.0,1.0,32900.0,1.0,32900.0
1192,240.0,10.0,750000.0,10.0,750000.0
1193,1897.0,5.0,30000.0,5.0,30000.0
1194,1900.0,15.0,59900.0,15.0,59900.0
1195,317.0,4.0,100000.0,4.0,100000.0
1196,396.0,2.0,590000.0,2.0,590000.0
1197,2386.0,30.0,6275000.0,30.0,6275000.0
1198,498.0,1.0,507000.0,1.0,507000.0
1199,2149.0,2.0,530000.0,2.0,530000.0
1200,1912.0,1.0,15000.0,1.0,15000.0
1201,735.0,3.0,99900.0,3.0,99900.0
1202,1004.0,1.0,43000.0,1.0,43000.0
1203,1915.0,6.0,235000.0,6.0,235000.0
1204,2583.0,2.0,50000.0,2.0,50000.0
1205,1918.0,1.0,299000.0,1.0,299000.0
1206,495.0,1.0,85000.0,1.0,85000.0
1207,320.0,1.0,68000.0,1.0,68000.0
1208,1924.0,1.0,245000.0,1.0,245000.0
1209,977.0,1.0,160000.0,1.0,160000.0
1210,1927.0,10.0,125000.0,10.0,125000.0
1211,860.0,1.0,35000.0,1.0,35000.0
1212,1723.0,1.0,149000.0,1.0,149000.0
1213,1930.0,20.0,176100.0,20.0,176100.0
1214,2726.0,1.0,69000.0,1.0,69000.0
1215,1933.0,3.0,47000.0,3.0,47000.0
1216,666.0,1.0,356000.0,1.0,356000.0
1217,1936.0,1.0,1250000.0,1.0,1250000.0
1218,1939.0,3.0,330000.0,3.0,330000.0
1219,190.0,1.0,100000.0,1.0,100000.0
1220,1689.0,5.0,595000.0,5.0,595000.0
1221,914.0,1.0,15000.0,1.0,15000.0
1222,2511.0,21.0,22500.0,21.0,22500.0
1223,1948.0,1.0,223000.0,1.0,223000.0
1224,236.0,1.0,152000.0,1.0,152000.0
1225,1048.0,20.0,19000.0,20.0,19000.0
1226,1954.0,2.0,35000.0,2.0,35000.0
1227,4.0,12.0,1469500.0,12.0,1469500.0
1228,431.0,2.0,270000.0,2.0,270000.0
1229,2272.0,50.0,125000.0,50.0,125000.0
1230,2599.0,5.0,199500.0,5.0,199500.0
1231,452.0,100.0,1850000.0,100.0,1850000.0
1232,1554.0,5.0,90000.0,5.0,90000.0
1233,738.0,4.0,57900.0,4.0,57900.0
1234,1966.0,5.0,99900.0,5.0,99900.0
1235,1114.0,5.0,109100.0,5.0,109100.0
1236,2591.0,12.0,56000.0,12.0,56000.0
1237,621.0,3.0,10000.0,3.0,10000.0
1238,1519.0,1.0,1395000.0,1.0,1395000.0
1239,1654.0,6.0,1250000.0,6.0,1250000.0
1240,329.0,3.0,1550000.0,3.0,1550000.0
1241,2419.0,2.0,90000.0,2.0,90000.0
1242,2377.0,8.0,5800000.0,8.0,5800000.0
1243,609.0,2.0,48500.0,2.0,48500.0
1244,437.0,2.0,2150000.0,2.0,2150000.0
1245,264.0,1.0,615000.0,1.0,615000.0
1246,407.0,10.0,65000.0,10.0,65000.0
1247,167.0,5.0,115000.0,5.0,115000.0
1248,2380.0,14.0,550000.0,14.0,550000.0
1249,2143.0,1.0,150000.0,1.0,150000.0
1250,2047.0,10.0,80000.0,10.0,80000.0
1251,417.0,2.0,750000.0,2.0,750000.0
1252,2002.0,15.0,150000.0,15.0,150000.0
1253,165.0,26.0,185000.0,26.0,185000.0
1254,603.0,2.0,32500.0,2.0,32500.0
1255,2065.0,1.0,480000.0,1.0,480000.0
1256,1459.0,3.0,62000.0,3.0,62000.0
1257,929.0,1.0,275000.0,1.0,275000.0
1258,705.0,2.0,47500.0,2.0,47500.0
1259,2068.0,1.0,45000.0,1.0,45000.0
1260,1704.0,10.0,1600000.0,10.0,1600000.0
1261,2056.0,2.0,495000.0,2.0,495000.0
1262,2161.0,1.0,65000.0,1.0,65000.0
1263,2726.0,1.0,69000.0,1.0,69000.0
1264,435.0,2.0,540000.0,2.0,540000.0
1265,2386.0,30.0,6275000.0,30.0,6275000.0
1266,511.0,5.0,1450000.0,5.0,1450000.0
1267,747.0,1.0,29800.0,1.0,29800.0
1268,332.0,100.0,100000.0,100.0,100000.0
1269,2050.0,2.0,300000.0,2.0,300000.0
1270,971.0,1.0,126000.0,1.0,126000.0
1271,2041.0,10.0,515000.0,10.0,515000.0
1272,2047.0,10.0,80000.0,10.0,80000.0
1273,2044.0,1.0,55000.0,1.0,55000.0
1274,1378.0,2.0,45000.0,2.0,45000.0
1275,-1.0,2.0,75000.0,2.0,75000.0
1276,2389.0,50.0,487900.0,50.0,487900.0
